Tweet,Date
"It was amazing Don't stop, I'm going to see seson 2 #Insatiable #netflix",2018/9/1
"Happy #WorldBeardDay! 

#sabrinatheteenagewitch #riverdale #salem #melissajoanhart #90s #clarissaexplainsitall #podcast #tbt #memes #memesdaily #dankmemes #funny #comedy #MelissaandJoey #netflix #tv #television",2018/9/1
"Five female directors, many stories: A conversation on filmmaking, Netflix and more https://buff.ly/2wAVgXN #womeninfilm #womendirect #netflix #filmmaking #femalefilmmaker",2018/9/1
"Yes, finally... #Netflix #TheMummyTrilogy #BrendanFraser",2018/9/1
"Season 3 is finally here! #UltimateBeastmaster #Netflix ⁦
@StuBennett
⁩ ⁦
@CMPunk
⁩ ⁦
@DanniiMinogue
⁩ ⁦
@SpiderAnderson
⁩ ⁦
@TikiBarber
⁩ ⁦
@rafinhabastos
⁩ ⁦
@TheSlyStallone
⁩",2018/9/1
"Lol poor foggy, even when he's in the hospital he still wants to look for his best friend!  

#Daredevil #Marvel #Netflix #MCU",2018/9/1
"Happy Matturday!

#Matturday #Marvel #Netflix #MCU #ManInBlack #Daredevil #MattMurdock #CharlieCox #ReadyforDDS3 ",2018/9/1
"#FANGMAN complex hit another life-time high despite #Facebook and #Netflix trade way below their highs on the back of mixed results. So after all the talk about Tech stock trepidation, mega-cap Tech was still a good place to be for the summer, Goldman says.",2018/9/1
"Yeah, less than a week before Iron Fist season 2! 
Can't wait to see more! #Marvel 
@MarvelIronFist
 #ironfistseason2 #ironfist #Netflix 
@netflix
 #defenders #cosplay #netflixandchill #MarvelStudios #comics #photoshop #edit #fx #marvelironfist",2018/9/1
#WIP in #procreate Pocket. Don’t feel like getting out of the couch today  - Having a date with #Netflix and a Heineken,2018/9/1
"I directed Aisling Bea’s performance for her 15 minute #Netflix special, which I’ll be honest, was not very hard work because she is naturally hilars. Watch on #TheComedyLineUp Out now!",2018/9/2
"Anyone else hoping for a Daredevil Season 3 trailer at the end of Iron Fist Season 2?

#DaredevilSeason3 #ironfistseason2 #TheDefenders #Daredevil #IronFist #Marvel #Netflix #MCU #CharlieCox #FinnJones",2018/9/2
RUSTED ROBOT PODCAST 213: The Predator - Born To Hunt https://therustedrobot.podbean.com/mobile/e/213-the-predator-born-to-hunt/#.W4wSdxJDgVk.twitter… #Predator #movies #Podbean #PodernFamily #podgenie #ThePWA #UnderDogPods #NowPlaying #new #netflix #podknife #podcasthq #birthday #weed #podcast,2018/9/2
The Bourne Identity Episode 204 https://podbean.com/media/share/pb-9eg39-98c62e#.W4wqrlKVRVo.twitter… #Blade #StreetsOfRage4 #Televisión #Netflix #hauntingofhillhouse #podcast #Movies #MovieReview #film #Podernfamily #podcastmafia,2018/9/2
"K E N A N  I M I R Z A L I O G L U
*******************************************
Profession: Actor Model
Height: 6'4""
Country: Turkey
*******************************************
Watch him as Ezel on 
@netflix
 

#kenanimirzalioglu #Netflix #Ezel #actorslife #actor #LaborDayWeekend",2018/9/1
"Just watched Season 2, Episode 1.

Bloody marvellous. Love this show.

#Ozark #OzarkSeason2 #Netflix",2018/9/2
"DEMAND DOCUMENTATION EXAMINATION 
APPOINT A SPECIAL COUNSEL 
WE HAVE FORENSIC SPECIALIST !
HAVE BROTHER TESTIFY BEFORE A SELECT COMMITTEE
#ImpeachObama 
#NetFlix",2018/9/2
 “I couldn't do an acting job just to be working. It really had to have some soul to it”.  #marciacross #quotes #breevandekamp #desperatehousewives #abcproduction #abcstudios #netflix #netflixbrasil #abcquantico #quantico #clairehaas #redhair,2018/9/2
"What could possibly cause TV comedy's best ever BFF's, Chief Ken and Dale Asbrick Jr to fall out??? Find out in episode five of the new series of #Cuckoo 
@BBCOne
 this Monday 10.45pm with the brilliant #GregDavies and #TaylorLautner :-)
#Cuckoo4 #BBC #RoughCutTV #Netflix #Comedy",2018/9/2
"5 days..... Count 'em on one hand

               Iron Fist #5  

     Cover Art by 
@jeffdekal
  

   #IronFist   #RabbitOfHolyFlame  
            #TheResoucefulSnake
               #Marvel  #Comics
     #Netflix  #Season2  #Countdown",2018/9/2
